frame,object_name
403,car
403,car
403,car
1143,car
286,car
286,car
286,car
286,car
778,car
935,car
1497,car
1497,car
1497,person
1472,car
662,car
662,car
662,car
662,car
662,car
662,car
893,car
893,car
893,car
697,car
697,car
285,car
285,car
285,car
285,car
51,car
51,car
51,car
21,car
21,car
21,car
672,car
672,car
672,car
672,car
672,car
1540,car
309,car
309,car
309,car
309,car
309,car
309,car
529,car
529,car
529,car
1249,car
699,car
699,car
699,car
699,car
604,car
604,car
1063,car
1063,car
1063,car
1043,car
1043,car
1043,car
1043,car
367,car
367,car
367,car
1057,car
1057,car
1057,car
1057,car
1057,car
1268,car
1268,car
292,car
292,car
292,car
292,car
292,car
249,car
249,car
249,car
249,car
866,car
866,car
866,car
866,car
1026,car
1026,car
1026,car
1026,car
1026,car
411,car
411,car
411,car
411,car
411,car
556,car
556,car
1584,car
1584,car
842,car
842,car
842,car
842,car
589,car
589,car
1518,car
1353,car
1353,car
1353,car
1379,car
1040,car
1040,car
1040,car
1040,car
1040,car
890,car
890,car
890,car
883,car
883,car
883,car
883,car
47,car
47,car
47,car
132,car
132,car
741,car
741,car
1395,car
1712,car
1712,person
603,car
603,car
603,car
308,car
308,car
308,car
308,car
901,car
901,car
901,car
879,car
879,car
879,car
879,car
383,car
383,car
383,car
383,car
383,car
769,car
122,car
122,car
1032,car
1032,car
1032,car
1032,car
28,car
28,car
28,car
28,car
1632,car
1632,car
1465,car
418,car
418,car
418,car
418,car
266,car
266,car
266,car
98,car
98,car
98,car
98,car
888,car
888,car
888,car
888,car
1695,car
1695,person
7,car
7,car
7,car
7,person
7,car
42,car
42,car
1581,car
1581,car
585,car
585,car
652,car
652,car
652,car
432,car
432,car
432,car
432,car
798,car
798,car
173,car
156,car
156,car
156,car
156,car
1403,car
742,car
1656,car
1656,car
1656,person
120,car
120,car
120,car
949,car
949,car
949,car
949,car
873,car
873,car
873,car
873,car
1047,car
1047,car
1047,car
1047,car
1047,car
1487,car
1487,car
1487,car
705,car
705,car
705,car
9,car
9,car
9,car
925,car
925,car
504,car
504,car
1432,car
492,car
492,car
492,car
492,car
492,car
1213,car
1213,car
967,car
967,car
967,car
976,car
976,car
976,car
918,car
248,car
248,car
248,car
1426,car
540,car
540,car
540,car
1120,car
1668,car
24,car
24,car
24,car
24,car
445,car
445,car
445,car
445,car
445,car
1422,car
1422,person
1060,car
1060,car
1060,car
97,car
97,car
97,car
97,car
44,car
1199,car
1199,car
436,car
436,car
436,car
436,car
416,car
416,car
416,car
1201,car
1201,car
1041,car
1041,car
1041,car
1041,car
1041,car
494,car
494,car
494,car
494,car
955,car
955,car
955,car
904,car
904,car
12,car
12,car
12,car
1045,car
1045,car
1045,car
1045,car
1045,car
924,car
924,car
372,car
372,car
372,car
372,car
1690,car
636,car
1093,car
1093,car
1093,car
1093,car
1342,car
1342,car
1342,car
1347,car
1347,car
1347,car
693,car
693,car
693,car
693,car
279,car
279,car
279,car
279,car
279,car
947,car
947,car
947,car
1704,car
1387,car
1109,car
1474,car
1067,car
1067,car
1067,car
1067,car
906,car
906,car
906,car
1016,car
1016,car
1016,car
1016,car
1016,car
1329,car
1329,car
1329,car
1329,car
871,car
871,car
871,car
835,car
835,car
835,car
686,car
686,car
686,car
686,car
686,car
490,car
490,car
490,car
490,car
898,car
898,car
898,car
76,car
76,car
76,car
76,car
989,car
989,car
989,car
538,car
538,car
538,car
1142,car
1038,car
1038,car
1038,car
1038,car
1038,car
1171,car
1171,car
459,car
459,car
459,car
459,car
1146,car
1022,car
1022,car
1022,car
1022,car
1022,car
246,car
246,car
246,car
246,car
246,car
785,car
785,car
761,car
761,car
1048,car
1048,car
1048,car
1048,car
1557,car
198,car
198,car
198,car
198,car
198,car
22,car
22,car
22,car
22,car
22,car
167,car
167,car
167,car
167,car
197,car
197,car
197,car
197,car
197,car
1292,car
1292,car
1136,car
1301,car
1301,car
1301,car
1458,car
1458,person
206,car
206,car
206,car
206,car
469,car
469,car
469,car
1510,car
1510,car
1269,car
1269,car
1269,car
379,car
379,car
379,car
379,car
379,car
320,car
320,car
320,car
320,car
320,car
882,car
882,car
882,car
882,car
316,car
316,car
316,car
316,car
316,car
837,car
837,car
837,car
762,car
497,car
497,car
497,car
497,car
497,car
651,car
651,car
1463,car
910,car
910,car
560,car
560,car
560,car
1212,car
1212,car
596,car
596,car
1341,car
1341,car
1341,car
1304,car
1304,car
1304,car
61,car
61,car
61,car
61,car
920,car
1517,car
1462,car
1462,person
807,car
807,car
807,car
800,car
800,car
1402,car
1402,car
887,car
887,car
887,car
887,car
1139,car
626,car
626,car
626,car
1554,car
1282,car
1282,car
1678,car
628,car
628,car
644,car
644,car
644,car
327,car
327,car
327,car
327,car
327,car
479,car
479,car
479,car
479,car
479,car
479,car
1297,car
1297,car
1297,car
1370,car
1370,car
964,car
964,car
964,car
53,car
53,car
53,car
856,car
856,car
856,car
856,car
638,car
638,car
638,car
208,car
208,car
208,car
208,car
1228,car
1228,car
399,car
399,car
399,car
399,car
1095,car
1095,car
1095,car
139,car
139,car
139,car
139,car
417,car
417,car
417,car
939,car
939,car
1141,car
595,car
595,car
595,car
1538,car
252,car
252,car
252,car
252,car
1283,car
1283,car
1590,car
1590,car
45,car
45,car
1447,car
1447,person
1434,car
213,car
213,car
213,car
1161,car
1471,car
840,car
840,car
840,car
840,car
468,car
468,car
468,car
468,car
468,car
764,car
764,car
1289,car
1289,car
1289,car
907,car
907,car
907,car
130,car
1024,car
1024,car
1024,car
1024,car
1024,car
55,car
55,car
55,car
1714,car
1714,car
1714,person
1622,car
1622,car
1622,car
813,car
813,car
813,car
381,car
381,car
381,car
381,car
381,car
1711,car
1711,car
673,car
673,car
673,car
673,car
673,car
224,car
224,car
224,car
588,car
588,car
588,car
407,car
407,car
1505,car
1505,car
483,car
483,car
483,car
483,car
1272,car
1272,car
153,car
153,car
153,car
153,car
115,car
115,car
115,car
1287,car
1287,car
1287,car
942,car
942,car
942,car
942,car
942,car
1423,car
1423,person
230,car
230,car
230,car
1294,car
1294,car
1294,car
1413,car
1413,person
664,car
664,car
664,car
664,car
111,car
111,car
1713,car
1713,car
1131,car
958,car
958,car
958,car
1336,car
1336,car
1336,car
984,car
984,car
522,car
522,car
522,car
318,car
318,car
318,car
318,car
318,car
1295,car
1295,car
1295,car
622,car
622,car
622,car
1062,car
1062,car
1062,car
1482,car
1482,car
1482,car
251,car
251,car
251,car
251,car
486,car
486,car
486,car
486,car
1362,car
1362,car
1244,car
1586,car
1586,car
1012,car
1012,car
1012,car
1012,car
867,car
867,car
867,car
867,car
552,car
552,car
510,car
510,car
510,car
103,car
103,car
103,car
103,car
178,car
178,car
178,car
848,car
848,car
848,car
1498,car
1498,car
1498,person
980,car
980,car
980,car
493,car
493,car
493,car
493,car
493,car
189,car
189,car
189,car
189,car
1059,car
1059,car
1059,car
323,car
323,car
323,car
323,car
323,car
323,car
1442,car
860,car
860,car
860,car
281,car
281,car
281,car
281,car
281,car
760,car
760,car
535,car
535,car
535,car
164,car
164,car
1706,car
1033,car
1033,car
1033,car
1033,car
776,car
776,car
133,car
133,car
133,car
961,car
961,car
961,car
614,car
614,car
914,car
2,car
2,car
2,car
2,car
1567,car
1340,car
1340,car
1340,car
737,car
737,car
1670,car
734,car
1224,car
1224,car
1343,car
1343,car
1343,car
415,car
415,car
740,car
1568,car
474,car
474,car
474,car
474,car
474,car
1360,car
1360,car
1328,car
1328,car
1328,car
1328,car
322,car
322,car
322,car
322,car
322,car
424,car
424,car
1642,car
1642,car
272,car
272,car
272,car
272,car
272,car
1522,car
1572,car
1246,car
788,car
788,car
384,car
384,car
384,car
384,car
384,car
1066,car
1066,car
1066,car
1055,car
1055,car
1055,car
1055,car
658,car
658,car
658,car
163,car
163,car
163,car
163,car
231,car
231,car
231,car
231,car
1365,car
1365,car
1115,car
1124,car
865,car
865,car
352,car
352,car
352,car
1089,car
1089,car
1089,car
1089,car
112,car
112,car
404,car
404,car
404,car
404,car
108,car
108,car
141,car
141,car
141,car
141,car
1527,car
1543,car
358,car
358,car
358,car
358,car
1562,car
592,car
592,car
1233,car
1233,car
1076,car
1076,car
1076,car
1076,car
1703,car
1566,car
1257,car
1257,car
727,car
1450,car
1450,person
1450,person
1290,car
1290,car
1290,car
303,car
303,car
303,car
303,car
619,car
619,car
619,car
361,car
361,car
361,car
361,car
929,car
929,car
932,car
1013,car
1013,car
1013,car
1013,car
1276,car
1276,car
1583,car
1583,car
850,car
850,car
850,car
850,car
1416,car
903,car
903,car
903,car
903,car
1646,car
1646,car
306,car
306,car
306,car
306,car
289,car
289,car
289,car
289,car
995,car
995,car
995,car
995,person
57,car
41,car
41,car
700,car
700,car
700,car
700,car
1701,car
1701,car
371,car
371,car
371,car
534,car
534,car
534,car
908,car
908,car
908,car
1252,car
1252,car
612,car
612,car
570,car
570,car
570,car
412,car
412,car
412,car
1188,car
1188,car
1241,car
1697,car
359,car
359,car
359,car
359,car
298,car
298,car
298,car
298,car
298,car
71,car
71,car
71,car
71,car
71,car
1231,car
1231,car
1409,car
1409,person
1409,car
513,car
513,car
513,car
684,car
684,car
684,car
684,car
1475,car
558,car
558,car
558,car
1594,car
1594,car
244,car
244,car
244,car
69,car
69,car
69,car
1229,car
1229,car
239,car
239,car
239,car
679,car
679,car
679,car
679,car
679,car
843,car
843,car
843,car
843,car
86,car
86,car
1346,car
1346,car
1346,car
270,car
270,car
270,car
270,car
1669,car
1258,car
1258,car
118,car
118,car
711,car
711,car
442,car
442,car
442,car
442,car
442,car
1429,car
1429,car
458,car
458,car
458,car
109,car
109,car
472,car
472,car
472,car
472,car
1431,car
1492,car
1492,car
87,car
87,car
1348,car
1348,car
1348,car
377,car
377,car
377,car
377,car
377,car
232,car
232,car
232,car
232,car
428,car
428,car
428,car
802,car
802,car
297,car
297,car
297,car
297,car
297,car
273,car
273,car
273,car
273,car
1099,car
1099,car
1334,car
1334,car
528,car
528,car
528,car
528,car
599,car
599,car
599,car
1604,car
1604,car
1181,car
1181,car
666,car
666,car
341,car
341,car
341,car
341,car
341,car
1366,car
1366,car
3,car
3,car
3,car
1302,car
1302,car
1302,car
982,car
982,car
982,car
541,car
541,car
541,car
1684,car
1684,car
732,car
732,car
1125,car
1386,car
1481,car
1481,car
1481,car
1440,car
895,car
895,car
895,car
52,car
52,car
1077,car
1077,car
1077,car
1077,car
49,car
49,car
49,car
968,car
968,car
968,car
1609,car
1609,car
1480,car
1296,car
1296,car
1296,car
1153,car
89,car
833,car
833,car
833,car
833,car
1414,car
1414,person
1248,car
1459,car
1459,person
1281,car
1281,car
184,car
184,car
184,car
184,car
1577,car
351,car
351,car
351,car
351,car
506,car
506,car
506,car
815,car
815,car
815,car
922,car
922,car
454,car
454,car
454,car
454,car
454,car
454,car
555,car
555,car
1717,car
1717,car
1717,car
1579,car
1223,car
1223,car
750,car
750,car
695,car
695,car
695,car
15,car
15,car
15,car
1305,car
1305,car
1305,car
1218,car
1218,car
431,car
431,car
431,car
431,car
347,car
347,car
347,car
100,car
100,car
100,car
1419,car
1419,person
1235,car
1235,car
1570,car
896,car
896,car
896,car
1485,car
1485,car
1485,car
324,car
324,car
324,car
324,car
324,car
324,car
795,car
795,car
692,car
692,car
692,car
307,car
307,car
307,car
307,car
343,car
343,car
343,car
532,car
532,car
532,car
1449,car
1449,person
1126,car
610,car
610,car
610,car
269,car
269,car
269,car
269,car
269,car
1173,car
1173,car
1134,car
1339,car
1339,car
1339,car
1237,car
1205,car
1205,car
1238,car
1624,car
1624,car
1627,car
1627,car
1627,car
1054,car
1054,car
1054,car
1054,car
339,car
339,car
339,car
339,car
339,car
276,car
276,car
276,car
276,car
276,car
354,car
354,car
354,car
354,car
647,car
647,car
647,car
647,car
1256,car
1256,car
565,car
565,car
1274,car
1274,car
1274,car
1574,car
356,car
356,car
356,car
356,car
1514,car
1114,car
878,car
878,car
878,car
878,car
1320,car
1320,car
1320,car
1039,car
1039,car
1039,car
1039,car
1585,car
1585,car
107,car
107,car
1623,car
1623,car
720,car
1263,car
1263,car
265,car
265,car
265,car
265,car
1476,car
671,car
671,car
671,car
671,car
1324,car
1324,car
1324,car
380,car
380,car
380,car
380,car
1375,car
923,car
923,car
366,car
366,car
366,car
366,car
1306,car
1306,car
1306,car
1612,car
1612,car
1245,car
1456,car
617,car
617,car
1159,car
936,car
936,car
630,car
630,car
630,car
1676,car
212,car
212,car
212,car
374,car
374,car
374,car
374,car
1090,car
1090,car
1090,car
1090,car
1596,car
1596,car
1559,car
1550,car
59,car
59,car
59,car
489,car
489,car
489,car
489,car
63,car
63,car
63,car
63,car
1132,car
1655,car
1655,car
1418,car
1418,person
253,car
253,car
1699,car
1699,car
1069,car
1069,car
1069,car
1069,car
1222,car
1222,car
1664,car
607,car
607,car
196,car
196,car
196,car
196,car
196,car
779,car
1104,car
1104,car
892,car
892,car
892,car
1251,car
1251,car
334,car
334,car
334,car
1694,car
974,car
974,car
974,car
157,car
157,car
157,car
157,car
1499,car
1392,car
783,car
783,car
463,car
463,car
463,car
1621,car
1621,car
1621,car
1196,car
1196,car
1049,car
1049,car
1049,car
1049,car
165,car
165,car
165,car
1278,car
1278,car
124,car
1355,car
1355,car
1355,car
1168,car
1168,car
1337,car
1337,car
1337,car
194,car
194,car
194,car
194,car
978,car
978,car
983,car
983,car
983,car
744,car
748,car
748,car
1549,car
159,car
159,car
77,car
77,car
77,car
77,car
435,car
435,car
435,car
435,car
1620,car
1620,car
1184,car
1184,car
1230,car
1230,car
996,car
996,car
996,car
542,car
542,car
542,car
542,car
1681,car
186,car
186,car
186,car
186,car
1448,car
1448,person
970,car
970,car
970,car
902,car
902,car
902,car
218,car
218,car
218,car
218,car
1019,car
1019,car
1019,car
1019,car
1708,car
75,car
75,car
75,car
75,car
675,car
675,car
675,car
675,car
261,car
261,car
261,car
261,car
1021,car
1021,car
1021,car
1021,car
633,car
633,car
633,car
551,car
551,car
551,car
561,car
561,car
561,car
1349,car
1349,car
1349,car
933,car
933,car
858,car
858,car
858,car
1113,car
663,car
663,car
663,car
663,car
663,car
1105,car
1105,car
101,car
101,car
101,car
101,car
1004,car
1004,car
1004,car
1004,car
1004,car
409,car
409,car
926,car
926,car
1453,car
940,car
940,car
940,car
715,car
805,car
805,car
1391,car
1552,car
576,car
576,car
576,car
1408,car
1408,person
1408,car
335,car
335,car
335,car
150,car
150,car
150,car
150,car
150,car
1359,car
1359,car
1034,car
1034,car
1034,car
1034,car
1034,car
1589,car
1589,car
201,car
201,car
201,car
201,car
88,car
88,car
288,car
288,car
288,car
288,car
259,car
259,car
1036,car
1036,car
1036,car
1036,car
221,car
221,car
1182,car
1182,car
110,car
110,car
615,car
615,car
615,car
777,car
777,car
751,car
752,car
752,car
1479,car
243,car
243,car
243,car
243,car
706,car
706,car
188,car
188,car
188,car
188,car
188,car
759,car
1044,car
1044,car
1044,car
1044,car
1044,car
1597,car
1597,car
187,car
187,car
187,car
187,car
217,car
217,car
217,car
182,car
182,car
182,car
182,car
687,car
687,car
687,car
687,car
1598,car
1598,car
754,car
337,car
337,car
337,car
1315,car
1315,car
1315,car
1673,car
119,car
119,car
1216,car
1216,car
1610,car
1610,car
569,car
569,car
1578,car
138,car
138,car
138,car
1545,car
975,car
975,car
975,car
665,car
665,car
665,car
733,car
1147,car
319,car
319,car
319,car
319,car
1452,car
831,car
831,car
831,car
1473,car
376,car
376,car
376,car
376,car
376,car
834,car
834,car
834,car
834,car
368,car
368,car
368,car
128,car
128,car
1634,car
1634,car
1696,car
1645,car
1645,car
915,car
915,car
131,car
131,car
131,car
1486,car
1486,car
1486,car
475,car
475,car
475,car
475,car
475,car
475,car
257,car
257,car
257,car
993,car
993,car
993,car
993,person
1084,car
1084,car
1084,car
1084,car
1046,car
1046,car
1046,car
1046,car
1528,car
1388,car
311,car
311,car
311,car
311,car
311,car
311,car
4,car
4,car
4,car
1185,car
1185,car
839,car
839,car
839,car
839,car
1398,car
1270,car
1270,car
440,car
440,car
440,car
440,car
440,car
1344,car
1344,car
731,car
731,car
1323,car
1323,car
1323,car
1100,car
465,car
465,car
465,car
465,car
1445,car
363,car
363,car
363,car
1602,car
1602,car
33,car
33,car
33,car
33,car
33,car
985,car
985,car
1380,car
674,car
674,car
674,car
674,car
674,car
1390,car
563,car
563,car
625,car
625,car
414,car
414,car
1607,car
520,car
520,car
1029,car
1029,car
1029,car
1029,car
1029,car
880,car
880,car
880,car
525,car
525,car
525,car
525,car
1243,car
1050,car
1050,car
1050,car
1050,car
851,car
851,car
851,car
851,car
812,car
812,car
812,car
1338,car
1338,car
1338,car
280,car
280,car
280,car
280,car
280,car
559,car
559,car
559,car
559,car
1629,car
1629,car
1629,car
1513,car
707,car
707,car
277,car
277,car
277,car
277,car
277,car
808,car
808,car
241,car
241,car
241,car
241,car
1491,car
1491,car
1491,car
1156,car
709,car
709,car
736,car
402,car
402,car
402,car
402,car
402,car
402,car
803,car
803,car
1310,car
1310,car
1310,car
946,car
946,car
946,car
1197,car
1197,car
174,car
126,car
1311,car
1311,car
1311,car
1483,car
1483,car
1483,car
1363,car
1363,car
278,car
278,car
278,car
278,car
438,car
438,car
438,car
438,car
1319,car
1319,car
1319,car
1446,car
1446,person
962,car
962,car
962,car
624,car
624,car
624,car
624,car
1437,car
1437,person
1467,car
149,car
149,car
149,car
149,car
1373,car
1373,car
884,car
884,car
884,car
884,car
1588,car
1588,car
841,car
841,car
841,car
841,car
1616,car
1616,car
994,car
994,car
994,car
994,person
1326,car
1326,car
1326,car
1326,car
801,car
801,car
1267,car
1267,car
869,car
869,car
869,car
869,car
336,car
336,car
336,car
1600,car
1600,car
462,car
462,car
462,car
864,car
864,car
928,car
928,car
1116,car
1677,car
746,car
389,car
389,car
389,car
389,car
1106,car
1106,car
1361,car
1361,car
1651,car
1651,car
1516,car
282,car
282,car
282,car
282,car
979,car
979,car
979,car
1285,car
1285,car
1285,car
870,car
870,car
870,car
60,car
60,car
60,car
60,car
1271,car
1271,car
1705,car
1705,car
992,car
992,car
992,person
992,car
621,car
621,car
621,car
909,car
909,car
909,car
1107,car
1107,car
772,car
1415,car
1415,person
1415,car
1172,car
1172,car
146,car
146,car
146,car
146,car
146,car
245,car
245,car
245,car
245,car
1519,car
349,car
349,car
349,car
609,car
609,car
609,car
696,car
696,car
1255,car
1255,car
899,car
899,car
899,car
1530,car
395,car
395,car
395,car
395,car
1103,car
931,car
931,car
814,car
814,car
814,car
1436,car
1436,person
1198,car
1198,car
1086,car
1086,car
1086,car
1086,car
152,car
152,car
152,car
948,car
948,car
948,car
1560,car
669,car
669,car
669,car
669,car
669,car
121,car
121,car
121,car
171,car
171,car
171,car
16,car
16,car
16,car
16,car
797,car
797,car
113,car
113,car
753,car
753,car
437,car
437,car
437,car
437,car
825,car
825,car
775,car
1685,car
1685,car
1333,car
1333,car
1333,car
1189,car
1189,car
821,car
821,car
821,car
821,car
192,car
192,car
192,car
192,car
140,car
140,car
140,car
140,car
1368,car
1368,car
1259,car
1259,car
1322,car
1322,car
1322,car
275,car
275,car
275,car
162,car
162,car
162,car
1652,car
1652,car
641,car
641,car
641,car
1682,car
1232,car
1232,car
1219,car
1219,car
1650,car
1650,car
147,car
147,car
147,car
147,car
147,car
533,car
533,car
533,car
99,car
99,car
99,car
1253,car
1253,car
209,car
209,car
209,car
209,car
1537,car
1374,car
1637,car
1637,car
691,car
691,car
691,car
1367,car
1367,car
453,car
453,car
453,car
453,car
453,car
242,car
242,car
242,car
584,car
584,car
166,car
166,car
780,car
780,car
959,car
959,car
959,car
1631,car
1118,car
1070,car
1070,car
1070,car
1070,car
1242,car
661,car
661,car
661,car
661,car
72,car
72,car
72,car
72,car
72,car
916,car
934,car
1407,car
1407,person
386,car
386,car
386,car
386,car
1468,car
966,car
966,car
966,car
587,car
587,car
587,car
1630,car
229,car
229,car
229,car
447,car
447,car
447,car
447,car
447,car
1556,car
302,car
302,car
302,car
302,car
302,car
302,car
844,car
844,car
844,car
1187,car
1187,car
794,car
794,car
1412,car
1412,person
1412,car
1653,car
1653,car
1210,car
1210,car
823,car
823,car
823,car
1042,car
1042,car
1042,car
1042,car
713,car
713,car
388,car
388,car
388,car
388,car
990,car
990,car
990,car
1091,car
1091,car
1091,car
1091,car
1494,car
1494,car
1494,car
155,car
155,car
155,car
54,car
54,car
54,car
1023,car
1023,car
1023,car
1023,car
1441,car
1279,car
1279,car
296,car
296,car
296,car
296,car
296,car
767,car
85,car
85,car
300,car
300,car
300,car
300,car
300,car
300,car
1117,car
791,car
791,car
423,car
423,car
423,car
1203,car
1203,car
1493,car
1493,car
1493,person
1496,car
1496,car
1496,person
789,car
789,car
179,car
179,car
179,car
634,car
634,car
634,car
634,car
451,car
451,car
451,car
451,car
451,car
451,car
1460,car
1460,person
315,car
315,car
315,car
315,car
1133,car
1591,car
1591,car
283,car
283,car
283,car
283,car
1397,car
1397,car
39,car
39,car
39,car
39,car
1178,car
531,car
531,car
531,car
874,car
874,car
874,car
874,car
952,car
952,car
952,car
952,car
770,car
605,car
605,car
1394,car
963,car
963,car
963,car
1064,car
1064,car
1064,car
1064,car
642,car
642,car
642,car
810,car
810,car
810,car
646,car
646,car
646,car
646,car
656,car
656,car
656,car
708,car
708,car
1555,car
1555,car
175,car
175,car
378,car
378,car
378,car
378,car
378,car
862,car
862,car
862,car
355,car
355,car
355,car
355,car
1176,car
514,car
514,car
514,car
1166,car
1166,car
1088,car
1088,car
1088,car
1225,car
1225,car
1639,car
1639,car
1601,car
1601,car
1688,car
369,car
369,car
369,car
393,car
393,car
393,car
393,car
1715,car
1715,car
1715,person
1284,car
1284,car
419,car
419,car
419,car
419,car
1239,car
1661,car
1661,car
1073,car
1073,car
1073,car
1073,car
488,car
488,car
488,car
488,car
499,car
499,car
499,car
499,car
965,car
965,car
965,car
1007,car
1007,car
1007,car
1007,car
1191,car
1191,car
1167,car
1167,car
228,car
228,car
228,car
792,car
792,car
291,car
291,car
291,car
291,car
291,car
491,car
491,car
491,car
491,car
350,car
350,car
350,car
350,car
847,car
847,car
847,car
847,car
519,car
519,car
1211,car
1211,car
353,car
353,car
353,car
353,car
608,car
608,car
1399,car
1399,car
1010,car
1010,car
1010,car
1010,car
1010,car
344,car
344,car
344,car
344,car
1369,car
1369,car
1526,car
618,car
618,car
1236,car
891,car
891,car
891,car
891,car
1489,car
1489,car
1489,car
1489,person
743,car
1081,car
1081,car
1081,car
1081,car
1015,car
1015,car
1015,car
1015,car
1015,car
1194,car
1194,car
234,car
234,car
234,car
234,car
1215,car
1215,car
84,car
84,car
84,car
84,car
876,car
876,car
876,car
876,car
65,car
65,car
65,car
1356,car
1356,car
1356,car
1152,car
1152,car
1314,car
1314,car
1314,car
1565,car
1635,car
1635,car
96,car
96,car
96,car
1299,car
1299,car
1299,car
1303,car
1303,car
1303,car
1163,car
1163,car
1544,car
1192,car
1192,car
881,car
881,car
881,car
881,car
1293,car
1293,car
1293,car
594,car
594,car
456,car
456,car
456,car
456,car
578,car
578,car
1127,car
811,car
811,car
811,car
763,car
763,car
1643,car
1643,car
264,car
264,car
264,car
264,car
1138,car
1177,car
247,car
247,car
247,car
1112,car
1710,car
180,car
180,car
180,car
1148,car
1148,car
433,car
433,car
433,car
433,car
1053,car
1053,car
1053,car
1053,car
478,car
478,car
478,car
478,car
478,car
478,car
809,car
809,car
809,car
1121,car
1666,car
214,car
214,car
214,car
199,car
199,car
199,car
199,car
199,car
1525,car
650,car
650,car
650,car
650,car
1291,car
1291,car
1291,car
1291,car
421,car
421,car
421,car
426,car
426,car
426,car
426,car
1464,car
392,car
392,car
392,car
392,car
1020,car
1020,car
1020,car
1020,car
331,car
331,car
331,car
331,car
331,car
331,car
1603,car
1603,car
566,car
566,car
1056,car
1056,car
1056,car
1056,car
1056,car
1534,car
1417,car
1680,car
1511,car
1511,car
712,car
712,car
1150,car
877,car
877,car
877,car
877,car
176,car
176,car
1488,car
1488,car
1488,car
1488,person
701,car
701,car
701,car
701,car
701,car
701,car
1122,car
1693,car
287,car
287,car
287,car
287,car
885,car
885,car
885,car
885,car
1221,car
1221,car
1564,car
1058,car
1058,car
1058,car
1058,car
461,car
461,car
461,car
461,car
1625,car
1625,car
401,car
401,car
401,car
401,car
401,car
766,car
365,car
365,car
365,car
365,car
1593,car
1593,car
250,car
250,car
250,car
250,car
250,car
205,car
205,car
205,car
205,car
185,car
185,car
185,car
806,car
806,car
806,car
1170,car
1170,car
135,car
135,car
135,car
321,car
321,car
321,car
321,car
321,car
304,car
304,car
304,car
1030,car
1030,car
1030,car
1030,car
1030,car
1535,car
1008,car
1008,car
1008,car
1008,car
1008,car
1008,car
360,car
360,car
236,car
236,car
236,car
236,car
1137,car
227,car
227,car
227,car
1506,car
1506,car
1536,car
698,car
698,car
698,car
544,car
544,car
544,car
544,car
219,car
219,car
219,car
219,car
413,car
413,car
703,car
703,car
703,car
591,car
591,car
973,car
973,car
973,car
439,car
439,car
439,car
439,car
1396,car
1396,car
30,car
30,car
30,car
30,car
574,car
574,car
574,car
441,car
441,car
441,car
441,car
441,car
93,car
1266,car
1266,car
613,car
613,car
1648,car
1648,car
66,car
66,car
66,car
1466,car
310,car
310,car
310,car
310,car
310,car
655,car
655,car
655,car
1605,car
1605,car
301,car
301,car
301,car
301,car
301,car
1065,car
1065,car
1065,car
826,car
826,car
826,car
826,car
735,car
142,car
142,car
142,car
142,car
828,car
828,car
828,car
290,car
290,car
290,car
290,car
127,car
127,car
400,car
400,car
400,car
400,car
400,car
1119,car
969,car
969,car
969,car
1490,car
1490,car
1490,car
452,car
452,car
452,car
452,car
452,car
1641,car
1641,car
158,car
158,car
158,car
387,car
387,car
516,car
516,car
516,car
496,car
496,car
496,car
496,car
496,car
937,car
937,car
0,car
0,car
0,car
0,car
1240,car
471,car
471,car
471,car
635,car
635,car
635,car
78,car
78,car
78,car
78,car
765,car
765,car
225,car
225,car
225,car
1377,car
509,car
509,car
509,car
790,car
790,car
1378,car
557,car
557,car
1027,car
1027,car
1027,car
1027,car
1027,car
168,car
1068,car
1068,car
1068,car
1068,car
1501,car
1501,car
950,car
950,car
950,car
950,car
1457,car
357,car
357,car
357,car
357,car
1145,car
1087,car
1087,car
1087,car
1087,car
172,car
172,car
1542,car
1654,car
1654,car
1169,car
1169,car
102,car
102,car
102,car
102,car
457,car
457,car
457,car
457,car
457,car
1393,car
710,car
1160,car
1160,car
325,car
325,car
325,car
325,car
325,car
325,car
1364,car
1364,car
73,car
73,car
73,car
73,car
73,car
1135,car
1719,car
1719,car
1719,car
1719,person
56,car
56,car
238,car
238,car
238,car
238,car
730,car
730,car
1698,car
1698,car
1384,car
195,car
195,car
195,car
195,car
1111,car
868,car
868,car
868,car
637,car
637,car
637,car
1582,car
1582,car
299,car
299,car
299,car
299,car
299,car
330,car
330,car
330,car
330,car
330,car
1206,car
1206,car
1575,car
1151,car
67,car
67,car
67,car
677,car
677,car
677,car
677,car
677,car
477,car
477,car
477,car
477,car
477,car
477,car
64,car
64,car
64,car
64,car
137,car
137,car
137,car
986,car
986,car
170,car
170,car
1636,car
1636,car
816,car
816,car
816,car
200,car
200,car
200,car
200,car
375,car
375,car
375,car
375,car
375,car
1165,car
1165,car
160,car
160,car
160,car
999,car
999,car
999,car
577,car
577,car
577,car
1092,car
1092,car
1092,car
1092,car
782,car
782,car
255,car
255,car
255,car
398,car
398,car
398,car
398,car
398,car
660,car
660,car
660,car
660,car
1469,car
50,car
50,car
50,car
681,car
681,car
681,car
681,car
681,car
859,car
859,car
859,car
859,car
154,car
154,car
154,car
568,car
568,car
757,car
314,car
314,car
314,car
314,car
314,car
502,car
502,car
502,car
670,car
670,car
670,car
670,car
553,car
553,car
1330,car
1330,car
1330,car
1330,car
654,car
654,car
654,car
639,car
639,car
639,car
627,car
627,car
136,car
136,car
136,car
1352,car
1352,car
1352,car
1663,car
829,car
829,car
829,car
1357,car
1357,car
1193,car
1193,car
31,car
31,car
31,car
31,car
443,car
443,car
443,car
443,car
547,car
547,car
547,car
81,car
81,car
81,car
81,car
117,car
1154,car
332,car
332,car
332,car
332,car
332,car
332,car
921,car
530,car
530,car
530,car
1051,car
1051,car
1051,car
1051,car
723,car
207,car
207,car
207,car
207,car
317,car
317,car
317,car
317,car
1071,car
1071,car
1071,car
1071,car
521,car
521,car
606,car
606,car
1174,car
1174,car
233,car
233,car
233,car
233,car
1675,car
1561,car
1532,car
1000,car
1000,car
1000,car
1018,car
1018,car
1018,car
1018,car
1018,car
20,car
20,car
20,car
20,car
620,car
620,car
620,car
620,car
1454,car
1425,car
1644,car
1644,car
680,car
680,car
680,car
680,car
680,car
450,car
450,car
450,car
450,car
450,car
548,car
548,car
518,car
518,car
875,car
875,car
875,car
875,car
1427,car
134,car
134,car
134,car
1687,car
1599,car
1599,car
738,car
1102,car
998,car
998,car
998,car
998,car
177,car
177,car
427,car
427,car
427,car
427,car
951,car
951,car
951,car
853,car
853,car
853,car
853,car
1351,car
1351,car
1351,car
505,car
505,car
1155,car
1649,car
1649,car
511,car
511,car
511,car
1180,car
1180,car
804,car
804,car
804,car
106,car
106,car
1371,car
1371,car
1658,car
1658,car
455,car
455,car
455,car
455,car
455,car
796,car
796,car
23,car
23,car
23,car
23,car
1354,car
1354,car
1354,car
466,car
466,car
466,car
466,car
466,car
1707,car
683,car
683,car
683,car
683,car
683,car
37,car
37,car
1541,car
861,car
861,car
861,car
861,car
446,car
446,car
446,car
446,car
262,car
262,car
262,car
262,car
262,car
1628,car
1628,car
1628,car
1451,car
1451,person
1592,car
1592,car
34,car
34,car
34,car
1502,car
1502,car
571,car
571,car
784,car
784,car
1011,car
1011,car
1011,car
1011,car
1262,car
1262,car
941,car
941,car
941,car
43,car
183,car
183,car
183,car
799,car
799,car
40,car
40,car
40,car
1443,car
954,car
954,car
954,car
954,car
667,car
667,car
667,car
667,car
1074,car
1074,car
1074,car
1074,car
508,car
508,car
508,car
1149,car
1149,car
1689,car
68,car
68,car
68,car
960,car
960,car
960,car
971,car
971,car
971,car
338,car
338,car
338,car
338,car
1383,car
1035,car
1035,car
1035,car
1035,car
1470,car
1014,car
1014,car
1014,car
1014,car
104,car
104,car
1718,car
1718,car
1096,car
1096,car
1096,car
1226,car
1226,car
390,car
390,car
390,car
390,car
562,car
562,car
562,car
1524,car
515,car
515,car
515,car
927,car
927,car
1028,car
1028,car
1028,car
1028,car
1028,car
329,car
329,car
329,car
329,car
329,car
329,car
1433,car
1683,car
1683,car
1477,car
1410,car
1410,car
1410,person
1140,car
590,car
590,car
1439,car
1439,person
305,car
305,car
305,car
305,car
1080,car
1080,car
1080,car
1080,car
1659,car
1659,car
83,car
83,car
83,car
83,car
1261,car
1261,car
1164,car
1164,car
129,car
129,car
129,car
410,car
410,car
1300,car
1300,car
1300,car
13,car
13,car
13,car
181,car
181,car
181,car
554,car
554,car
554,car
373,car
373,car
373,car
373,car
1671,car
340,car
340,car
340,car
340,car
340,car
567,car
567,car
894,car
894,car
894,car
346,car
346,car
346,car
849,car
849,car
849,car
849,car
14,car
14,car
14,car
70,car
70,car
70,car
70,car
1209,car
1209,car
1254,car
1254,car
549,car
549,car
1308,car
1308,car
1308,car
267,car
267,car
267,car
267,car
1037,car
1037,car
1037,car
1037,car
1691,car
1660,car
1660,car
1331,car
1331,car
1331,car
1234,car
312,car
312,car
312,car
312,car
312,car
1404,car
1404,car
274,car
274,car
274,car
793,car
689,car
689,car
689,car
1716,car
1716,car
1716,person
676,car
676,car
676,car
676,car
981,car
981,car
981,car
981,car
1508,car
1508,car
956,car
956,car
258,car
258,car
1533,car
1085,car
1085,car
1085,car
1085,car
1455,car
1702,car
1702,car
1002,car
1002,car
1002,car
1002,car
1277,car
1277,car
25,car
25,car
25,car
25,car
1569,car
629,car
629,car
629,car
629,car
481,car
481,car
481,car
481,car
481,car
1686,car
1686,car
1558,car
581,car
581,car
1358,car
1358,car
1613,car
1613,car
1385,car
913,car
260,car
260,car
260,car
1110,car
1101,car
216,car
216,car
216,car
1608,car
1608,car
348,car
348,car
348,car
1512,car
1512,car
830,car
830,car
830,car
116,car
1275,car
1275,car
105,car
105,car
105,car
268,car
268,car
268,car
268,car
889,car
889,car
889,car
616,car
616,car
714,car
714,car
1611,car
1611,car
29,car
29,car
29,car
29,car
911,car
911,car
911,car
397,car
397,car
397,car
397,car
397,car
397,car
1615,car
1615,car
897,car
897,car
897,car
1400,car
470,car
470,car
470,car
470,car
62,car
62,car
62,car
62,car
572,car
572,car
640,car
640,car
640,car
653,car
653,car
653,car
1162,car
1162,car
480,car
480,car
480,car
480,car
480,car
480,car
405,car
405,car
1576,car
1626,car
1626,car
1626,car
145,car
145,car
145,car
145,car
145,car
48,car
48,car
144,car
144,car
144,car
144,car
144,car
905,car
905,car
1521,car
1529,car
1264,car
1264,car
420,car
420,car
420,car
420,car
123,car
123,car
204,car
204,car
204,car
204,car
220,car
220,car
220,car
220,car
632,car
632,car
632,car
632,car
1202,car
1202,car
747,car
747,car
524,car
524,car
524,car
872,car
872,car
872,car
872,car
716,car
526,car
526,car
526,car
526,car
482,car
482,car
482,car
482,car
597,car
597,car
579,car
579,car
781,car
781,car
1435,car
1435,person
854,car
854,car
854,car
854,car
498,car
498,car
498,car
498,car
498,car
498,car
1075,car
1075,car
1075,car
1075,car
223,car
223,car
223,car
537,car
537,car
537,car
464,car
464,car
464,car
464,car
1657,car
1657,car
202,car
202,car
202,car
202,car
449,car
449,car
449,car
449,car
657,car
657,car
657,car
1692,car
1332,car
1332,car
1332,car
1332,car
787,car
787,car
391,car
391,car
391,car
1003,car
1003,car
1003,car
1003,car
1200,car
1200,car
719,car
749,car
749,car
717,car
523,car
523,car
523,car
943,car
943,car
943,car
943,car
943,car
645,car
645,car
645,car
863,car
863,car
863,car
256,car
256,car
80,car
80,car
80,car
1667,car
1061,car
1061,car
1061,car
836,car
836,car
836,car
333,car
333,car
333,car
333,car
58,car
58,car
58,car
58,car
58,car
818,car
818,car
818,car
1273,car
1273,car
284,car
284,car
284,car
284,car
545,car
545,car
545,car
545,car
659,car
659,car
659,car
659,car
643,car
643,car
643,car
988,car
988,car
546,car
546,car
546,car
546,car
1515,car
215,car
215,car
215,car
1672,car
237,car
237,car
237,car
237,car
564,car
564,car
997,car
997,car
997,car
694,car
694,car
694,car
1186,car
1186,car
1183,car
1183,car
685,car
685,car
685,car
685,car
685,car
46,car
46,car
448,car
448,car
448,car
448,car
448,car
688,car
688,car
688,car
1571,car
1031,car
1031,car
1031,car
1031,car
786,car
786,car
820,car
820,car
820,car
1430,car
1382,car
771,car
1640,car
1640,car
1001,car
1001,car
1001,car
1001,car
1317,car
1317,car
1317,car
169,car
169,car
169,car
169,car
678,car
678,car
678,car
678,car
678,car
1531,car
886,car
886,car
886,car
886,car
1461,car
1461,person
370,car
370,car
370,car
774,car
143,car
143,car
143,car
143,car
1520,car
95,car
95,car
95,car
396,car
396,car
396,car
396,car
396,car
1309,car
1309,car
1309,car
26,car
26,car
26,car
26,car
1325,car
1325,car
1325,car
1345,car
1345,car
1345,car
1286,car
1286,car
1286,car
226,car
226,car
226,car
938,car
938,car
938,car
362,car
362,car
362,car
362,car
1573,car
1327,car
1327,car
1327,car
1327,car
1179,car
1179,car
1547,car
501,car
501,car
501,car
342,car
342,car
342,car
342,car
342,car
342,car
682,car
682,car
682,car
682,car
682,car
682,car
1,car
1,car
1,car
1,car
1614,car
1614,car
17,car
17,car
17,car
593,car
593,car
832,car
832,car
832,car
832,car
1204,car
1204,car
148,car
148,car
148,car
148,car
406,car
406,car
900,car
900,car
900,car
1539,car
1428,car
758,car
987,car
987,car
1662,car
1662,car
394,car
394,car
394,car
394,car
1318,car
1318,car
1318,car
573,car
573,car
573,car
11,car
11,car
11,car
32,car
32,car
32,car
32,car
32,car
222,car
222,car
668,car
668,car
668,car
668,car
668,car
1129,car
6,car
6,car
6,car
6,car
1424,car
1217,car
1217,car
1563,car
1679,car
583,car
583,car
583,car
756,car
1495,car
1495,car
1495,person
1158,car
1548,car
1411,car
1411,person
1411,car
1128,car
944,car
944,car
944,car
690,car
690,car
690,car
1700,car
1700,car
1313,car
1313,car
1313,car
1478,car
1130,car
151,car
151,car
151,car
235,car
235,car
235,car
235,car
1098,car
1098,car
1098,car
1553,car
527,car
527,car
527,car
527,car
768,car
1220,car
1220,car
1381,car
739,car
190,car
190,car
190,car
190,car
190,car
495,car
495,car
495,car
495,car
495,car
495,car
161,car
161,car
161,car
487,car
487,car
487,car
487,car
1175,car
953,car
953,car
953,car
953,car
945,car
945,car
945,car
422,car
422,car
422,car
271,car
271,car
271,car
271,car
271,car
125,car
1618,car
1618,car
8,car
8,car
8,car
8,person
1401,car
1321,car
1321,car
1321,car
728,car
1420,car
1420,person
1523,car
1280,car
1280,car
1214,car
1214,car
36,car
36,car
704,car
704,car
704,car
1144,car
507,car
507,car
507,car
1009,car
1009,car
1009,car
1009,car
1009,car
10,car
10,car
10,car
92,car
827,car
827,car
827,car
203,car
203,car
203,car
203,car
838,car
838,car
838,car
977,car
977,car
845,car
845,car
845,car
845,car
1025,car
1025,car
1025,car
1025,car
1025,car
295,car
295,car
295,car
295,car
295,car
79,car
79,car
79,car
79,car
79,car
210,car
210,car
210,car
476,car
476,car
476,car
476,car
476,car
512,car
512,car
512,car
5,car
5,car
5,car
1312,car
1312,car
1312,car
919,car
919,person
919,car
822,car
822,car
822,car
822,car
467,car
467,car
467,car
467,car
467,car
1372,car
1372,car
460,car
460,car
460,car
408,car
408,car
1227,car
1227,car
957,car
957,car
293,car
293,car
293,car
293,car
293,car
1709,car
1709,person
1157,car
91,car
91,car
91,car
539,car
539,car
539,car
1072,car
1072,car
1072,car
1072,car
1247,car
485,car
485,car
485,car
485,car
485,car
631,car
631,car
631,car
631,car
917,car
1298,car
1298,car
1298,car
702,car
702,car
702,car
702,car
855,car
855,car
855,car
855,car
855,car
90,car
90,car
1335,car
1335,car
649,car
649,car
649,car
575,car
575,car
575,car
586,car
586,car
718,car
74,car
74,car
74,car
74,car
74,car
1421,car
1421,person
82,car
82,car
328,car
328,car
328,car
328,car
328,car
328,car
328,car
1207,car
1207,car
536,car
536,car
536,car
313,car
313,car
313,car
313,car
313,car
1438,car
1438,person
1108,car
1108,car
1595,car
1595,car
601,car
601,car
601,car
1551,car
1017,car
1017,car
1017,car
1017,car
1580,car
1580,car
294,car
294,car
294,car
294,car
294,car
1503,car
1503,car
1316,car
1316,car
1316,car
326,car
326,car
326,car
326,car
326,car
326,car
1509,car
1509,car
1079,car
1079,car
1079,car
1079,car
857,car
857,car
857,car
580,car
580,car
211,car
211,car
211,car
1082,car
1082,car
1082,car
1082,car
972,car
972,car
972,car
991,car
991,car
991,car
991,person
1500,car
1500,car
648,car
648,car
648,car
648,car
1504,car
1504,car
1633,car
1190,car
1190,car
345,car
345,car
345,car
382,car
382,car
382,car
1389,car
1350,car
1350,car
1350,car
484,car
484,car
484,car
484,car
1587,car
1587,car
35,car
35,car
35,car
1006,car
1006,car
1006,car
1006,car
1444,car
1052,car
1052,car
1052,car
1052,car
1052,car
1484,car
1484,car
1484,car
1405,car
824,car
824,car
824,car
824,car
824,car
1265,car
1265,car
755,car
240,car
240,car
240,car
240,car
1606,car
1606,car
444,car
444,car
444,car
444,car
444,car
444,car
582,car
582,car
364,car
364,car
263,car
263,car
263,car
263,car
263,car
254,car
254,car
254,car
254,car
254,car
1619,car
1619,car
598,car
598,car
429,car
429,car
429,car
429,car
1097,car
1097,car
1097,car
1674,car
611,car
38,car
38,car
38,car
38,car
27,car
27,car
27,car
27,car
1406,car
1406,car
473,car
473,car
473,car
473,car
473,car
817,car
817,car
1617,car
1617,car
1078,car
1078,car
1078,car
1078,car
930,car
930,car
1083,car
1083,car
1083,car
1123,car
1094,car
1094,car
1094,car
385,car
385,car
385,car
385,car
1546,car
1376,car
19,car
19,car
19,car
19,car
1638,car
1638,car
191,car
191,car
191,car
191,car
1507,car
1507,car
1260,car
1260,car
430,car
430,car
430,car
430,car
912,car
1665,car
1195,car
1195,car
600,car
600,car
600,car
1307,car
1307,car
1307,car
819,car
819,car
819,car
114,car
114,car
114,car
1005,car
1005,car
1005,car
1005,car
500,car
500,car
434,car
434,car
434,car
434,car
1288,car
1288,car
1288,car
503,car
503,car
852,car
852,car
852,car
852,car
623,car
623,car
623,car
1250,car
846,car
846,car
846,car
543,car
543,car
543,car
543,car
1208,car
1208,car
602,car
602,car
602,car
193,car
193,car
193,car
193,car
550,car
550,car
550,car
18,car
18,car
18,car
18,car
1647,car
1647,car
94,car
94,car
94,car
517,car
517,car
425,car
425,car
425,car
425,car
